Workbook

Sheet OTP_kr_depoziti
A1: Column1 | B1: Column2 | C1: Column3
A2: EUR - Fiksna obrestna mera | B2: EUR - Fiksna obrestna mera | C2: EUR - Fiksna obrestna mera
A3: Obdobje | B3: Znesek | C3: Fiksna letna obrestna mera
A4: od 8 do 14 dni | B4: do 15.000 | C4: 0,01%
A5: od 8 do 14 dni | B5: nad 15.000 do 50.000 | C5: 0,01%
A6: od 8 do 14 dni | B6: nad 50.000 | C6: 0,01%
A7: od 15 do 30 dni | B7: do 15.000 | C7: 0,01%
A8: od 15 do 30 dni | B8: nad 15.000 do 50.000 | C8: 0,01%
A9: od 15 do 30 dni | B9: nad 50.000 | C9: 0,01%
A10: od 31 do 90 dni | B10: do 15.000 | C10: 0,01%
A11: od 31 do 90 dni | B11: nad 15.000 do 50.000 | C11: 0,01%
A12: od 31 do 90 dni | B12: nad 50.000 | C12: 0,01%
... A18: od 181 do 365 dni | B18: nad 50.000 | C18: 0,75%

Sheet OTP_kr_depoziti_posebna
A1: Column1 | B1: Column2 | C1: Column3
A2: EUR - Fiksna obrestna mera | B2: EUR - Fiksna obrestna mera | C2: EUR - Fiksna obrestna mera
A3: Obdobje | B3: Znesek | C3: Fiksna letna obrestna mera
A4: od 6 do 12 mesecev | B4: od 500 | C4: 0,75%

Sheet OTP_dr_depoziti_posebna
A1: Column1 | B1: Column2 | C1: Column3
A2: EUR - Fiksna obrestna mera | B2: EUR - Fiksna obrestna mera | C2: EUR - Fiksna obrestna mera
A3: Obdobje | B3: Znesek | C3: Fiksna letna obrestna mera
A4: 12 mesecev | B4: do 50.000 | C4: 1,50%
A5: 12 mesecev | B5: od 50.000 do 100.000 | C5: 1,50%
A6: 12 mesecev | B6: od 100.000 | C6: 1,50%

Sheet OTP
A1: Vir | B1: Obdobje | C1: Znesek | D1: Fiksna letna obrestna mera
A2: OTP_kr_depoziti | B2: =OTP_kr_depoziti!A4 -> od 8 do 14 dni | C2: =OTP_kr_depoziti!B4 -> do 15.000 | D2: =OTP_kr_depoziti!C4 -> 0,01%
A3: OTP_kr_depoziti | B3: =OTP_kr_depoziti!A5 -> od 8 do 14 dni | C3: =OTP_kr_depoziti!B5 -> nad 15.000 do 50.000 | D3: =OTP_kr_depoziti!C5 -> 0,01%
A4: OTP_kr_depoziti | B4: =OTP_kr_depoziti!A6 -> od 8 do 14 dni | C4: =OTP_kr_depoziti!B6 -> nad 50.000 | D4: =OTP_kr_depoziti!C6 -> 0,01%
A5: OTP_kr_depoziti | B5: =OTP_kr_depoziti!A7 -> od 15 do 30 dni | C5: =OTP_kr_depoziti!B7 -> do 15.000 | D5: =OTP_kr_depoziti!C7 -> 0,01%
A6: OTP_kr_depoziti | B6: =OTP_kr_depoziti!A8 -> od 15 do 30 dni | C6: =OTP_kr_depoziti!B8 -> nad 15.000 do 50.000 | D6: =OTP_kr_depoziti!C8 -> 0,01%
A7: OTP_kr_depoziti | B7: =OTP_kr_depoziti!A9 -> od 15 do 30 dni | C7: =OTP_kr_depoziti!B9 -> nad 50.000 | D7: =OTP_kr_depoziti!C9 -> 0,01%
A8: OTP_kr_depoziti | B8: =OTP_kr_depoziti!A10 -> od 31 do 90 dni | C8: =OTP_kr_depoziti!B10 -> do 15.000 | D8: =OTP_kr_depoziti!C10 -> 0,01%
A9: OTP_kr_depoziti | B9: =OTP_kr_depoziti!A11 -> od 31 do 90 dni | C9: =OTP_kr_depoziti!B11 -> nad 15.000 do 50.000 | D9: =OTP_kr_depoziti!C11 -> 0,01%
A10: OTP_kr_depoziti | B10: =OTP_kr_depoziti!A12 -> od 31 do 90 dni | C10: =OTP_kr_depoziti!B12 -> nad 50.000 | D10: =OTP_kr_depoziti!C12 -> 0,01%
A11: OTP_kr_depoziti | B11: =OTP_kr_depoziti!A13 -> od 91 do 180 dni | C11: =OTP_kr_depoziti!B13 -> do 15.000 | D11: =OTP_kr_depoziti!C13 -> 0,50%
A12: OTP_kr_depoziti | B12: =OTP_kr_depoziti!A14 -> od 91 do 180 dni | C12: =OTP_kr_depoziti!B14 -> nad 15.000 do 50.000 | D12: =OTP_kr_depoziti!C14 -> 0,50%
A13: OTP_kr_depoziti | B13: =OTP_kr_depoziti!A15 -> od 91 do 180 dni | C13: =OTP_kr_depoziti!B15 -> nad 50.000 | D13: =OTP_kr_depoziti!C15 -> 0,50%
... A16: OTP_kr_depoziti | B16: =OTP_kr_depoziti!A18 -> od 181 do 365 dni | C16: =OTP_kr_depoziti!B18 -> nad 50.000 | D16: =OTP_kr_depoziti!C18 -> 0,75%
A17: OTP_kr_depoziti_posebna | B17: =OTP_kr_depoziti_posebna!A4 -> od 6 do 12 mesecev | C17: =OTP_kr_depoziti_posebna!B4 -> od 500 | D17: =OTP_kr_depoziti_posebna!C4 -> 0,75%
A18: OTP_dr_depoziti_posebna | B18: =OTP_dr_depoziti_posebna!A4 -> 12 mesecev | C18: =OTP_dr_depoziti_posebna!B4 -> do 50.000 | D18: =OTP_dr_depoziti_posebna!C4 -> 1,50%
A19: OTP_dr_depoziti_posebna | B19: =OTP_dr_depoziti_posebna!A5 -> 12 mesecev | C19: =OTP_dr_depoziti_posebna!B5 -> od 50.000 do 100.000 | D19: =OTP_dr_depoziti_posebna!C5 -> 1,50%
A20: OTP_dr_depoziti_posebna | B20: =OTP_dr_depoziti_posebna!A6 -> 12 mesecev | C20: =OTP_dr_depoziti_posebna!B6 -> od 100.000 | D20: =OTP_dr_depoziti_posebna!C6 -> 1,50%

Sheet NLB
A1: Vir | B1: Obdobje | C1: Znesek | D1: Fiksna letna obrestna mera
A2: chrome-extension://efaidnbmnnnibpcajpcglclefindmkaj/https://www.nlb.si/content/dam/nlb/pdf-files/osebne-finance/varcevanja-in-nalozbe/NLB-Depoziti-in-varcevanja-obrestne-mere-in-tarifa-za-prebivalstvo.pdf | B2: od 31 do vključno 365 dni | C2: od 1.500,00 dalje | D2: 0.0045
A3: chrome-extension://efaidnbmnnnibpcajpcglclefindmkaj/https://www.nlb.si/content/dam/nlb/pdf-files/osebne-finance/varcevanja-in-nalozbe/NLB-Depoziti-in-varcevanja-obrestne-mere-in-tarifa-za-prebivalstvo.pdf | B3: od 13 do vključno 24 mesecev* | C3: od 1.500,00 dalje | D3: 0.012
A4: chrome-extension://efaidnbmnnnibpcajpcglclefindmkaj/https://www.nlb.si/content/dam/nlb/pdf-files/osebne-finance/varcevanja-in-nalozbe/NLB-Depoziti-in-varcevanja-obrestne-mere-in-tarifa-za-prebivalstvo.pdf | B4: od 25 do vključno 60 mesecev* | C4: od 1.500,00 dalje | D4: 0.007
A5: chrome-extension://efaidnbmnnnibpcajpcglclefindmkaj/https://www.nlb.si/content/dam/nlb/pdf-files/osebne-finance/varcevanja-in-nalozbe/NLB-Depoziti-in-varcevanja-obrestne-mere-in-tarifa-za-prebivalstvo.pdf | B5: od 31 do vključno 365 dni | C5: od 1.500,00 dalje | D5: 0.0055 | E5: Prek mobilne banke NLB Klik
A6: chrome-extension://efaidnbmnnnibpcajpcglclefindmkaj/https://www.nlb.si/content/dam/nlb/pdf-files/osebne-finance/varcevanja-in-nalozbe/NLB-Depoziti-in-varcevanja-obrestne-mere-in-tarifa-za-prebivalstvo.pdf | B6: od 13 do vključno 24 mesecev* | C6: od 1.500,00 dalje | D6: 0.013 | E6: Prek mobilne banke NLB Klik
A7: chrome-extension://efaidnbmnnnibpcajpcglclefindmkaj/https://www.nlb.si/content/dam/nlb/pdf-files/osebne-finance/varcevanja-in-nalozbe/NLB-Depoziti-in-varcevanja-obrestne-mere-in-tarifa-za-prebivalstvo.pdf | B7: od 25 do vključno 60 mesecev* | C7: od 1.500,00 dalje | D7: 0.008 | E7: Prek mobilne banke NLB Klik

Sheet Gorenjska banka
A1: Vir | B1: Obdobje | C1: Znesek | D1: Fiksna letna obrestna mera
A2: https://www.gbkr.si/klasicni-depozit/ | B2: od 31 do vključno 90 dni | C2: od 250,00 dalje | D2: 0.004
A3: https://www.gbkr.si/klasicni-depozit/ | B3: od 91 do vključno 180 dni | C3: od 250,00 dalje | D3: 0.006
A4: https://www.gbkr.si/klasicni-depozit/ | B4: od 181 do vključno 365 dni | C4: od 250,00 dalje | D4: 0.009
A5: https://www.gbkr.si/klasicni-depozit/ | B5: od 31 do vključno 365 dni | C5: od 250,00 dalje | D5: 0.0055
A6: https://www.gbkr.si/klasicni-depozit/ | B6: od 13 do vključno 23 mesecev | C6: od 250,00 dalje | D6: 0.012
A7: https://www.gbkr.si/klasicni-depozit/ | B7: od 24 do vključno 35 mesecev | C7: od 250,00 dalje | D7: 0.013

Sheet Sparkasse
A1: Vir | B1: Obdobje | C1: Znesek | D1: Fiksna letna obrestna mera
A2: https://www.sparkasse.si/sl/prebivalstvo/aktualno/akcija-za-depozite?igc_id=16633865658&igag_id=137552486369&utm_source=google&utm_medium=cpc&utm_campaign=23-01-0095_Var%C4%8Devanje-Depoziti_Search_1_nd_SI_SI_nd_MaxCon&utm_id=16633865658&gad_source=1&gad_campaignid=16633865658&gbraid=0AAAAADCjEhmYTrKtmSI4snhmL6DoOGoS0&gclid=CjwKCAiAqKbMBhBmEiwAZ3UboLgvd_iKdYHtsWrXWCLM-cZUgSzEGl5zfIxYUe0AFHvcvekh2B8gcxoCtTgQAvD_BwE | B2: od 31 do vključno 90 dni | C2: od 500,00 dalje | D2: 0.006
A3: https://www.sparkasse.si/sl/prebivalstvo/aktualno/akcija-za-depozite?igc_id=16633865658&igag_id=137552486369&utm_source=google&utm_medium=cpc&utm_campaign=23-01-0095_Var%C4%8Devanje-Depoziti_Search_1_nd_SI_SI_nd_MaxCon&utm_id=16633865658&gad_source=1&gad_campaignid=16633865658&gbraid=0AAAAADCjEhmYTrKtmSI4snhmL6DoOGoS0&gclid=CjwKCAiAqKbMBhBmEiwAZ3UboLgvd_iKdYHtsWrXWCLM-cZUgSzEGl5zfIxYUe0AFHvcvekh2B8gcxoCtTgQAvD_BwE | B3: od 91 do vključno 180 dni | C3: od 500,00 dalje | D3: 0.009
A4: https://www.sparkasse.si/sl/prebivalstvo/aktualno/akcija-za-depozite?igc_id=16633865658&igag_id=137552486369&utm_source=google&utm_medium=cpc&utm_campaign=23-01-0095_Var%C4%8Devanje-Depoziti_Search_1_nd_SI_SI_nd_MaxCon&utm_id=16633865658&gad_source=1&gad_campaignid=16633865658&gbraid=0AAAAADCjEhmYTrKtmSI4snhmL6DoOGoS0&gclid=CjwKCAiAqKbMBhBmEiwAZ3UboLgvd_iKdYHtsWrXWCLM-cZUgSzEGl5zfIxYUe0AFHvcvekh2B8gcxoCtTgQAvD_BwE | B4: od 181 do vključno 365 dni | C4: od 500,00 dalje | D4: 0.011
A5: https://www.sparkasse.si/sl/prebivalstvo/aktualno/akcija-za-depozite?igc_id=16633865658&igag_id=137552486369&utm_source=google&utm_medium=cpc&utm_campaign=23-01-0095_Var%C4%8Devanje-Depoziti_Search_1_nd_SI_SI_nd_MaxCon&utm_id=16633865658&gad_source=1&gad_campaignid=16633865658&gbraid=0AAAAADCjEhmYTrKtmSI4snhmL6DoOGoS0&gclid=CjwKCAiAqKbMBhBmEiwAZ3UboLgvd_iKdYHtsWrXWCLM-cZUgSzEGl5zfIxYUe0AFHvcvekh2B8gcxoCtTgQAvD_BwE | B5: nad 12 do vključno 23 mesecev | C5: od 500,00 dalje | D5: 0.0145
A6: https://www.sparkasse.si/sl/prebivalstvo/aktualno/akcija-za-depozite?igc_id=16633865658&igag_id=137552486369&utm_source=google&utm_medium=cpc&utm_campaign=23-01-0095_Var%C4%8Devanje-Depoziti_Search_1_nd_SI_SI_nd_MaxCon&utm_id=16633865658&gad_source=1&gad_campaignid=16633865658&gbraid=0AAAAADCjEhmYTrKtmSI4snhmL6DoOGoS0&gclid=CjwKCAiAqKbMBhBmEiwAZ3UboLgvd_iKdYHtsWrXWCLM-cZUgSzEGl5zfIxYUe0AFHvcvekh2B8gcxoCtTgQAvD_BwE | B6: nad 23 do vključno 60 mesecev | C6: od 500,00 dalje | D6: 0.017

Sheet Addiko
A1: Vir | B1: Obdobje | C1: Znesek | D1: Fiksna letna obrestna mera
A2: https://www.addiko.si/obcani/depoziti/informativni-izracun/ | B2: od 3 do vključno 6 mesecev | C2: od 400 do 500.000 | D2: 0.01
A3: https://www.addiko.si/obcani/depoziti/informativni-izracun/ | B3: od 7 do vključno 9 mesec | C3: od 400 do 500.000 | D3: 0.0135
A4: https://www.addiko.si/obcani/depoziti/informativni-izracun/ | B4: od 10 do vključno 12 mesecev | C4: od 400 do 500.000 | D4: 0.014
A5: https://www.addiko.si/obcani/depoziti/informativni-izracun/ | B5: od 13 do vključno 24 mesecev | C5: od 400 do 500.000 | D5: 0.016
A6: https://www.addiko.si/obcani/depoziti/informativni-izracun/ | B6: od 25 do vključno 60 mesecev | C6: od 400 do 500.000 | D6: 0.0145

Sheet Addiko (2)
A1: Vir | B1: Obdobje | C1: Znesek | D1: Fiksna letna obrestna mera
A2: https://www.sparkasse.si/sl/prebivalstvo/aktualno/akcija-za-depozite?igc_id=16633865658&igag_id=137552486369&utm_source=google&utm_medium=cpc&utm_campaign=23-01-0095_Var%C4%8Devanje-Depoziti_Search_1_nd_SI_SI_nd_MaxCon&utm_id=16633865658&gad_source=1&gad_campaignid=16633865658&gbraid=0AAAAADCjEhmYTrKtmSI4snhmL6DoOGoS0&gclid=CjwKCAiAqKbMBhBmEiwAZ3UboLgvd_iKdYHtsWrXWCLM-cZUgSzEGl5zfIxYUe0AFHvcvekh2B8gcxoCtTgQAvD_BwE | B2: od 31 do vključno 90 dni | C2: od 500,00 dalje | D2: 0.006
A3: https://www.sparkasse.si/sl/prebivalstvo/aktualno/akcija-za-depozite?igc_id=16633865658&igag_id=137552486369&utm_source=google&utm_medium=cpc&utm_campaign=23-01-0095_Var%C4%8Devanje-Depoziti_Search_1_nd_SI_SI_nd_MaxCon&utm_id=16633865658&gad_source=1&gad_campaignid=16633865658&gbraid=0AAAAADCjEhmYTrKtmSI4snhmL6DoOGoS0&gclid=CjwKCAiAqKbMBhBmEiwAZ3UboLgvd_iKdYHtsWrXWCLM-cZUgSzEGl5zfIxYUe0AFHvcvekh2B8gcxoCtTgQAvD_BwE | B3: od 91 do vključno 180 dni | C3: od 500,00 dalje | D3: 0.009
A4: https://www.sparkasse.si/sl/prebivalstvo/aktualno/akcija-za-depozite?igc_id=16633865658&igag_id=137552486369&utm_source=google&utm_medium=cpc&utm_campaign=23-01-0095_Var%C4%8Devanje-Depoziti_Search_1_nd_SI_SI_nd_MaxCon&utm_id=16633865658&gad_source=1&gad_campaignid=16633865658&gbraid=0AAAAADCjEhmYTrKtmSI4snhmL6DoOGoS0&gclid=CjwKCAiAqKbMBhBmEiwAZ3UboLgvd_iKdYHtsWrXWCLM-cZUgSzEGl5zfIxYUe0AFHvcvekh2B8gcxoCtTgQAvD_BwE | B4: od 181 do vključno 365 dni | C4: od 500,00 dalje | D4: 0.011
A5: https://www.sparkasse.si/sl/prebivalstvo/aktualno/akcija-za-depozite?igc_id=16633865658&igag_id=137552486369&utm_source=google&utm_medium=cpc&utm_campaign=23-01-0095_Var%C4%8Devanje-Depoziti_Search_1_nd_SI_SI_nd_MaxCon&utm_id=16633865658&gad_source=1&gad_campaignid=16633865658&gbraid=0AAAAADCjEhmYTrKtmSI4snhmL6DoOGoS0&gclid=CjwKCAiAqKbMBhBmEiwAZ3UboLgvd_iKdYHtsWrXWCLM-cZUgSzEGl5zfIxYUe0AFHvcvekh2B8gcxoCtTgQAvD_BwE | B5: nad 12 do vključno 23 mesecev | C5: od 500,00 dalje | D5: 0.0145
A6: https://www.sparkasse.si/sl/prebivalstvo/aktualno/akcija-za-depozite?igc_id=16633865658&igag_id=137552486369&utm_source=google&utm_medium=cpc&utm_campaign=23-01-0095_Var%C4%8Devanje-Depoziti_Search_1_nd_SI_SI_nd_MaxCon&utm_id=16633865658&gad_source=1&gad_campaignid=16633865658&gbraid=0AAAAADCjEhmYTrKtmSI4snhmL6DoOGoS0&gclid=CjwKCAiAqKbMBhBmEiwAZ3UboLgvd_iKdYHtsWrXWCLM-cZUgSzEGl5zfIxYUe0AFHvcvekh2B8gcxoCtTgQAvD_BwE | B6: nad 23 do vključno 60 mesecev | C6: od 500,00 dalje | D6: 0.017
